Column1;Column2;Column3;Column4
Диагноз;Направление;Обязательность;Врач
Астма;Спирометрия;Обязательно;Пульмонолог
Астма;Пикфлоуметрия;По показанию;Пульмонолог
Астма;Аллергические анализы;По показанию;Аллерголог
Астма;Мониторинг показателей физической активности;По показанию;Пульмонолог
Астма;Консультация пульмонолога;Обязательно;Пульмонолог
Остеоартрит;Клиническое обследование суставов;Обязательно;Ортопед
Остеоартрит;Рентгеновское исследование суставов;Обязательно;Ортопед
Остеоартрит;МРТ суставов;По показанию;Ревматолог
Остеоартрит;Анализ крови на наличие воспалительных маркеров;По показанию;Ревматолог
Остеоартрит;Консультация ревматолога или ортопеда;Обязательно;Ортопед
Аутоиммунный тиреоидит;Ультразвуковое исследование щитовидной железы;Обязательно;Эндокринолог
Аутоиммунный тиреоидит;Анализ на наличие аутоантител к щитовидной железе;Обязательно;Эндокринолог
Аутоиммунный тиреоидит;Консультация эндокринолога;Обязательно;Эндокринолог
Депрессия;Клиническое интервью и опросники;Обязательно;Психиатр
Депрессия;Анализ крови на наличие нейротрансмиттеров;По показанию;Психиатр
Депрессия;Психологическая консультация;Обязательно;Психолог
Депрессия;Консультация психиатра;По показанию;Психиатр
Депрессия;Изучение симптомов и анамнеза;Обязательно;Психиатр
Аббревиатоз;Клиническое обследование;Обязательно;Терапевт
Абфракция;УЗИ органов;Обязательно;УЗИ-специалист
Агранулоцитоз;Клинический анализ крови;Обязательно;Гематолог
Аденовирусная инфекция;ПЦР-тест на наличие аденовируса;Обязательно;Инфекционист
Аденоиды;Оториноларингологическое обследование;Обязательно;ЛОР-врач
Аденоматозный полип;Колоноскопия;Обязательно;Гастроэнтеролог
Акантоцефалёзы;МРТ головного мозга;По показанию;Невролог
Актиномикоз;Биопсия пораженной ткани;По показанию;Онколог
Акушерские параличи;Электромиография;По показанию;Невролог
Аллергические реакции на введение инсулина;Иммунологические тесты;По показанию;Иммунолог
Аллергический ринит;Аллерготесты;По показанию;Аллерголог
Альвеолярный протеиноз;Бронхолаважная лаважная жидкость;Обязательно;Пульмонолог
Анальный миаз;Клиническое обследование;Обязательно;Проктолог
Анаэробная инфекционная энтеротоксемия;Анализ кала на наличие бактерий;Обязательно;Инфекционист
Ангидроз;Клиническое обследование;Обязательно;Дерматолог
Анизакидоз;Эзофагогастродуоденоскопия;По показанию;Гастроэнтеролог
Анизометропия;Оптическая коррекция;По показанию;Офтальмолог
Аортит;Ультразвуковое исследование аорты;Обязательно;Кардиолог
Аплазия;Костномозговая биопсия;По показанию;Гематолог
Апофаллоз;УЗИ почек;Обязательно;УЗИ-специалист
Апудома;Иммуноцитохимическое исследование;По показанию;Онколог
Арахноидальная киста;МРТ головного мозга;По показанию;Невролог
Аргентинская геморрагическая лихорадка;Иммунологические тесты;По показанию;Инфекционист
Асбестовидный лишай;Дерматологическое обследование;Обязательно;Дерматолог
Аспергиллома;Рентгенография легких;Обязательно;Пульмонолог
Атаксия Фридрейха;Генетическое тестирование;Обязательно;Невролог
Атопический дерматит;Дерматологическое обследование;Обязательно;Дерматолог
Атриовентрикулярная блокада;Электрокардиография;Обязательно;Кардиолог
Аутоиммунный полиэндокринный синдром;Анализ крови на наличие аутоантител;Обязательно;Эндокринолог
Афазия Брока;Речевое обследование;Обязательно;Невролог
Афазия Вернике;Речевое обследование;Обязательно;Невролог
Ахалазия кардии;Флюороскопия пищевода;Обязательно;Гастроэнтеролог
Ахиллобурсит;УЗИ сухожилия Ахилла;По показанию;Ортопед
Ахолия;Рентгенография желудка;Обязательно;Гастроэнтеролог
Ацетонемический синдром у детей;Клиническое обследование;Обязательно;Педиатр
Базалиома;Биопсия пораженной ткани;Обязательно;Дерматолог
Балантидиаз;Копрограмма;Обязательно;Инфекционист
Бартолинит;Гинекологическое обследование;Обязательно;Гинеколог
Блокада сердца;Электрокардиография;Обязательно;Кардиолог
Болезнь Абта-Леттерера-Сиве;Генетическое тестирование;Обязательно;Невролог
Болезнь Альцгеймера;Нейропсихологическое обследование;Обязательно;Невролог
Болезнь Гиппеля — Линдау;УЗИ почек;Обязательно;УЗИ-специалист
Болезнь Горхема;Клиническое обследование;Обязательно;Генетик
Болезнь Дарье — Уайта;Генетическое тестирование;Обязательно;Генетик
Болезнь Дюшенна;Генетическое тестирование;Обязательно;Невролог
Болезнь Кастлмена;Клиническое обследование;Обязательно;Генетик
Болезнь Крона;Колоноскопия;Обязательно;Гастроэнтеролог
Болезнь Лайма;Анализ крови на наличие антител;Обязательно;Инфекционист
Болезнь Легкоуважаемого Лервена;Генетическое тестирование;Обязательно;Невролог
Болезнь Моргана;Клиническое обследование;Обязательно;Невролог
Болезнь Ниеманна — Пика;Генетическое тестирование;Обязательно;Невролог
Болезнь Паркинсона;Клиническое обследование;Обязательно;Невролог
Болезнь Пика;Генетическое тестирование;Обязательно;Невролог
Болезнь Рейно;Клиническое обследование;Обязательно;Ревматолог
Болезнь Старлега;Генетическое тестирование;Обязательно;Невролог
Болезнь Тоса;Клиническое обследование;Обязательно;Невролог
Болезнь Холта — Орама;Генетическое тестирование;Обязательно;Невролог
Болезнь Шарко — Мари — Тута;Генетическое тестирование;Обязательно;Невролог
Болезнь Шарпа;Клиническое обследование;Обязательно;Ревматолог
Болезнь Штурма;Генетическое тестирование;Обязательно;Невролог
Болезнь Эдвардса;Генетическое тестирование;Обязательно;Генетик
Болезнь Эрба;Электронейромиография;Обязательно;Невролог
Болезнь Юргенсена — Клемпера;Генетическое тестирование;Обязательно;Невролог
Больной на гемодиализе;Клиническое обследование;Обязательно;Нефролог
Бонни-Кале-Сирахи;Генетическое тестирование;Обязательно;Генетик
Ботулизм;Иммунологическое исследование;По показанию;Инфекционист
Бронхиальная астма;Функциональные тесты легких;Обязательно;Пульмонолог
Бронхиолит;Флюорография легких;Обязательно;Педиатр
Бронхоаденома;Рентгенография легких;Обязательно;Пульмонолог
Бронхоальвеолярный рак;Компьютерная томография легких;По показанию;Онколог
Бронхоэктазы;Компьютерная томография легких;Обязательно;Пульмонолог
Бронхоэктатическая болезнь;Компьютерная томография легких;Обязательно;Пульмонолог
Брюшной тиф;Бактериологическое исследование кала;Обязательно;Инфекционист
Болезнь Рота — Бернгардта;Анализ крови на уровень ферментов;По показанию;Клинический лаборант
Болезнь Уиппла;Биопсия слизистой оболочки желудка;Обязательно;Гастроэнтеролог
Болезнь Фавра-Ракушо;Иммунологические тесты;По показанию;Иммунолог
Болезнь Фокса — Фордайса;Генетическое тестирование;Обязательно;Генетик
Болезнь Хенда — Шюллера — Крисчена;МРТ головного мозга;Обязательно;Невролог
Болезнь Шагаса;Иммуносерологическое обследование;Обязательно;Инфекционист
Болезнь Шейермана-Мау;Рентгенография позвоночника;Обязательно;Ортопед
Бородавчатая эпидермодисплазия;Клиническое обследование;Обязательно;Дерматолог
Брадзот;Электроэнцефалография;Обязательно;Невролог
Брахиметатарзия;Рентгенография костей ног;Обязательно;Травматолог-ортопед
Бридость;Офтальмологическое обследование;Обязательно;Офтальмолог
Бронхопневмония;Рентгенография грудной клетки;Обязательно;Пульмонолог
Бруцеллёз;Анализ крови на наличие антител;Обязательно;Инфекционист
Бубонная чума;Анализ крови на наличие бактерий;Обязательно;Инфекционист
Буллёзный эпидермолиз;Гистологическое исследование кожи;Обязательно;Дерматолог
Бульбит;Гастроэнтерологическое обследование;Обязательно;Гастроэнтеролог
Веррукозная гемангиома;Дерматологическое обследование;Обязательно;Дерматолог
Веррукозная гемангиома;Биопсия пораженной ткани;По показанию;Онколог
Вестибулярный нейронит;Вестибулярное исследование;Обязательно;Невролог
Вестибулярный нейронит;Аудиометрия;По показанию;Отоларинголог
Вибриоз;Анализ кала на наличие вибрионов;Обязательно;Инфекционист
Вибриоз;Клиническое обследование;По показанию;Терапевт
Височная эпилепсия;Электроэнцефалография (ЭЭГ);Обязательно;Невролог
Височная эпилепсия;МРТ головного мозга;По показанию;Невролог
Водянка сердца;Эхокардиография;Обязательно;Кардиолог
Водянка сердца;Рентгенография грудной клетки;По показанию;Пульмонолог
Волосяной лишай;Клиническое обследование;Обязательно;Дерматолог
Волосяной лишай;Микроскопическое исследование пораженных волос;По показанию;Дерматолог
Вольфартиоз;Генетическое тестирование;Обязательно;Генетик
Вольфартиоз;Офтальмологическое обследование;По показанию;Офтальмолог
Вульводиния;Гинекологическое обследование;Обязательно;Гинеколог
Вульводиния;Бактериологическое исследование мазка;По показанию;Гинеколог
Габронемоз;Клиническое обследование;Обязательно;Инфекционист
Габронемоз;Копрограмма;По показанию;Терапевт
Ганглионеврит;Клиническое обследование;Обязательно;Невролог
Ганглионеврит;Электромиография;По показанию;Невролог
Гаспинг-синдром;Клиническое обследование;Обязательно;Невролог
Гаспинг-синдром;Электроэнцефалография (ЭЭГ);По показанию;Невролог
Гастрофилёз;Фиброгастроскопия;Обязательно;Гастроэнтеролог
Гастрофилёз;Клиническое обследование;По показанию;Терапевт
Гастроэзофагеальная рефлюксная болезнь;Фиброгастроскопия;Обязательно;Гастроэнтеролог
Гастроэзофагеальная рефлюксная болезнь;Клиническое обследование;По показанию;Терапевт
Гемартроз;Клиническое обследование;Обязательно;Травматолог-ортопед
Гемартроз;Анализ суставной жидкости;По показанию;Травматолог-ортопед
Гематома носовой перегородки;Клиническое обследование;Обязательно;Отоларинголог
Гематома носовой перегородки;Рентгенография носа;По показанию;Терапевт
Гематомиелия;МРТ позвоночника;Обязательно;Невролог
Гематомиелия;Клиническое обследование;По показанию;Невролог
Гемифациальный спазм;Клиническое обследование;Обязательно;Невролог
Гемифациальный спазм;Электромиография;По показанию;Невролог
Гемонхоз;Анализ кала на наличие яиц гельминтов;Обязательно;Инфекционист
Гемонхоз;Иммуносерологическое исследование;По показанию;Инфекционист
Гемохроматоз;Генетическое тестирование;Обязательно;Гастроэнтеролог
Гемохроматоз;Клиническое обследование;По показанию;Терапевт
Гепатоз;Биохимический анализ крови (функция печени);Обязательно;Гастроэнтеролог
Гепатоз;УЗИ печени;По показанию;Гастроэнтеролог
Герметиоз;Микроскопическое исследование кала;Обязательно;Инфекционист
Герметиоз;Серологическое тестирование;По показанию;Инфекционист
Герпес;Клиническое обследование;Обязательно;Дерматолог
Герпес;ПЦР-диагностика на вирус простого герпеса;По показанию;Дерматолог
Гиперлексия;Клиническое обследование;Обязательно;Невролог
Гиперлексия;Речевое тестирование;По показанию;Логопед
Гиперпаратиреоз;Клиническое обследование;Обязательно;Эндокринолог
Гиперпаратиреоз;Кровяное тестирование на уровень паратгормона;По показанию;Эндокринолог
Гипертрофический ринофарингит;Клиническое обследование;Обязательно;Отоларинголог
Гипертрофический ринофарингит;Фиброринофарингоскопия;По показанию;Отоларинголог
Гиперхолестеринемия;Клиническое обследование;Обязательно;Кардиолог
Гиперхолестеринемия;Биохимический анализ крови на уровень холестерина;По показанию;Кардиолог
Гиперцинезия;Клиническое обследование;Обязательно;Невролог
Гиперцинезия;Электроэнцефалография (ЭЭГ);По показанию;Невролог
Гиперчувствительность к звукам;Клиническое обследование;Обязательно;Невролог
Гиперчувствительность к звукам;Аудиометрия;По показанию;Отоларинголог
Гипоглобулинемия;Клиническое обследование;Обязательно;Иммунолог
Гипоглобулинемия;Иммунологическое исследование;По показанию;Иммунолог
Гипокальциемия;Клиническое обследование;Обязательно;Эндокринолог
Гипокальциемия;Биохимический анализ крови на уровень кальция;По показанию;Эндокринолог
Гипокинезия;Клиническое обследование;Обязательно;Невролог
Гипокинезия;Электроэнцефалография (ЭЭГ);По показанию;Невролог
Гипомания;Клиническое обследование;Обязательно;Психиатр
Гипомания;Психологическое тестирование;По показанию;Психиатр
Гипоспадия;Клиническое обследование;Обязательно;Уролог
Гиперчувствительность;Аллергические тесты;По показанию;Аллерголог
Гиповитаминоз;Клиническое обследование;Обязательно;Врач общей практики
Гиповитаминоз;Анализ крови на содержание витаминов;По показанию;Врач общей практики
Гипогликемическая кома;Клиническое обследование;Обязательно;Эндокринолог
Гипогликемическая кома;Анализ крови на уровень глюкозы;По показанию;Эндокринолог
Гипогликемия;Клиническое обследование;Обязательно;Эндокринолог
Гипогликемия;Глюкозовая толерантность;По показанию;Эндокринолог
Гиподерматоз;Клиническое обследование;Обязательно;Дерматолог
Гиподерматоз;Биопсия кожи;По показанию;Дерматолог
Гипоменорея;Клиническое обследование;Обязательно;Гинеколог
Гипоменорея;УЗИ органов малого таза;По показанию;Гинеколог
Гипохондроплазия;Клиническое обследование;Обязательно;Ортопед
Гипохондроплазия;Рентгенография скелета;По показанию;Ортопед
Гистоплазмоз;Клиническое обследование;Обязательно;Инфекционист
Гистоплазмоз;Исследование биологического материала;По показанию;Инфекционист
Гликогевзия;Клиническое обследование;Обязательно;Гастроэнтеролог
Гликогевзия;Исследование биологического материала;По показанию;Гастроэнтеролог
Глюкагонома;Клиническое обследование;Обязательно;Эндокринолог
Глюкагонома;Исследование уровня глюкагона в крови;По показанию;Эндокринолог
Гонгилонематоз;Клиническое обследование;Обязательно;Гастроэнтеролог
Гонгилонематоз;Микроскопическое исследование кала;По показанию;Гастроэнтеролог
Грипп;Клиническое обследование;Обязательно;Инфекционист
Грипп;Лабораторное исследование на наличие вируса;По показанию;Инфекционист
Грыжа пищеводного отверстия диафрагмы;Клиническое обследование;Обязательно;Гастроэнтеролог
Грыжа пищеводного отверстия диафрагмы;Фиброэзофагогастродуоденоскопия;По показанию;Гастроэнтеролог
Грыжа Шморля;Клиническое обследование;Обязательно;Невролог
Грыжа Шморля;Рентгенография позвоночника;По показанию;Невролог
Грязный дерматоз Дункана;Клиническое обследование;Обязательно;Дерматолог
Грязный дерматоз Дункана;Микроскопическое исследование кожного материала;По показанию;Дерматолог
Демиелинизация;Клиническое обследование;Обязательно;Невролог
Демиелинизация;МРТ головного мозга;Обязательно;Невролог
Демиелинизация;Электроэнцефалография (ЭЭГ);По показанию;Невролог
Демпинг-синдром;Клиническое обследование;Обязательно;Гастроэнтеролог
Демпинг-синдром;Глюкозовая толерантность;По показанию;Гастроэнтеролог
Демпинг-синдром;Манометрия пищевода;По показанию;Гастроэнтеролог
Синдром Денди — Уокера;Клиническое обследование;Обязательно;Педиатр
Синдром Денди — Уокера;УЗИ почек;По показанию;Педиатр
Синдром Денди — Уокера;Биохимический анализ крови на уровень калия;По показанию;Педиатр
Дерматит жуков-нарывников;Клиническое обследование;Обязательно;Дерматолог
Дерматит жуков-нарывников;Прижигание и удаление нарывников;По показанию;Дерматолог
Дерматит жуков-нарывников;Микроскопическое исследование выделений;По показанию;Дерматолог
Дерматобиаз;Клиническое обследование;Обязательно;Дерматолог
Дерматобиаз;Лабораторное исследование на наличие личинок;По показанию;Дерматолог
Дерматобиаз;Культура микроорганизмов из образцов кожи;По показанию;Дерматолог
Дерматоз;Клиническое обследование;Обязательно;Дерматолог
Дерматоз;Дерматологическое обследование;По показанию;Дерматолог
Дерматоз;Биопсия кожи;По показанию;Дерматолог
Дефицит 1α-гидроксилазы;Клиническое обследование;Обязательно;Эндокринолог
Дефицит 1α-гидроксилазы;Анализ крови на уровень 17-гидроксипрогестерона;Обязательно;Эндокринолог
Дефицит 1α-гидроксилазы;Генетическое исследование;По показанию;Генетик
Дефицит селена;Клиническое обследование;Обязательно;Врач общей практики
Дефицит селена;Анализ крови на уровень селена;По показанию;Врач общей практики
Дефицит селена;УЗИ органов брюшной полости;По показанию;Врач общей практики
Дефицит цинка;Клиническое обследование;Обязательно;Врач общей практики
Дефицит цинка;Анализ крови на уровень цинка;По показанию;Врач общей практики
Дефицит цинка;УЗИ органов брюшной полости;По показанию;Врач общей практики
Дизентерия;Клиническое обследование;Обязательно;Инфекционист
Дизентерия;Бактериологическое исследование кала;По показанию;Инфекционист
Дизентерия;Симптомы Шфара;По показанию;Инфекционист
Дискроидизм;Клиническое обследование;Обязательно;Эндокринолог
Дискроидизм;Анализ крови на уровень щитовидных гормонов;По показанию;Эндокринолог
Дистрофия Беккера;Клиническое обследование;Обязательно;Невролог
Дистрофия Беккера;Генетическое исследование;По показанию;Генетик
Дистрофия Беккера;Мышечная электромиография;По показанию;Невролог
Дистрофия Дюшенна;Клиническое обследование;Обязательно;Невролог
Дистрофия Дюшенна;Генетическое исследование;По показанию;Генетик
Дистрофия Дюшенна;Мышечная электромиография;По показанию;Невролог
Дистрофия эпидермального типа;Клиническое обследование;Обязательно;Дерматолог
Дистрофия эпидермального типа;Гистологическое исследование кожи;По показанию;Дерматолог
Дистрофия эпидермального типа;Генетическое исследование;По показанию;Генетик
Дромомания;Клиническое обследование;Обязательно;Психиатр
Дромомания;Беседа с пациентом;По показанию;Психиатр
Дромомания;Методика проективного тестирования;По показанию;Психиатр
Дуоденит;Клиническое обследование;Обязательно;Гастроэнтеролог
Дуоденит;Фиброэзофагогастродуоденоскопия;По показанию;Гастроэнтеролог
Дуоденит;Биопсия слизистой оболочки двенадцатиперстной кишки;По показанию;Гастроэнтеролог
Дуоденит;Лабораторное исследование на наличие Helicobacter pylori;По показанию;Гастроэнтеролог
Дыхательная недостаточность;Клиническое обследование;Обязательно;Врач общей практики
Дыхательная недостаточность;Пульсоксиметрия;По показанию;Врач общей практики
Дыхательная недостаточность;Рентгенография грудной клетки;По показанию;Врач общей практики
Дыхательная недостаточность;Артериальная газоанализ;По показанию;Врач общей практики
Экзема;Клиническое обследование;Обязательно;Дерматолог
Экзема;Дерматологическое обследование;По показанию;Дерматолог
Экзема;Прижигание и удаление очагов эпидермального гнойничка;По показанию;Дерматолог
Экзема;Патогистологическое исследование;По показанию;Дерматолог
Экзема;Аллергические тесты;По показанию;Аллерголог
Диабетическая нефропатия;Клиническое обследование;Обязательно;Врач общей практики
Диабетическая нефропатия;Общий анализ мочи;Обязательно;Врач общей практики
Диабетическая нефропатия;Биохимический анализ крови на уровень креатинина;Обязательно;Врач общей практики
Диабетическая нефропатия;Анализ мочи на наличие микроальбумина;Обязательно;Врач общей практики
Диабетическая нефропатия;Гломерулярная фильтрация;По показанию;Нефролог
Дикроцелиоз;Клиническое обследование;Обязательно;Гастроэнтеролог
Дикроцелиоз;Анализ крови на наличие антидикроцелиных антител;По показанию;Гастроэнтеролог
Дикроцелиоз;УЗИ органов брюшной полости;По показанию;Гастроэнтеролог
Дикроцелиоз;Биохимический анализ крови на уровень билирубина;По показанию;Гастроэнтеролог
Дикроцелиоз;Костный мозг;По показанию;Гастроэнтеролог
Дилатация предсердий;Клиническое обследование;Обязательно;Кардиолог
Дилатация предсердий;Эхокардиография;Обязательно;Кардиолог
Дилатация предсердий;Электрокардиограмма (ЭКГ);Обязательно;Кардиолог
Дилатация предсердий;Магнитно-резонансная ангиография (МРА);По показанию;Кардиолог
Дилатация предсердий;Катетеризация сердца;По показанию;Кардиолог
Дискинезия желчевыводящих путей;Клиническое обследование;Обязательно;Гастроэнтеролог
Дискинезия желчевыводящих путей;УЗИ желчного пузыря;Обязательно;Гастроэнтеролог
Дискинезия желчевыводящих путей;Холецистоцентез;По показанию;Гастроэнтеролог
Дискинезия желчевыводящих путей;МРХПГ;По показанию;Гастроэнтеролог
Дискинезия желчевыводящих путей;Ретроспективное исследование желчевыводящих путей;По показанию;Гастроэнтеролог
Дискинезия пищевода;Клиническое обследование;Обязательно;Гастроэнтеролог
Дискинезия пищевода;Функциональная эзофагогастродуоденоскопия (ФЭГДС);Обязательно;Гастроэнтеролог
Дискинезия пищевода;24-часовая многофункциональная импедансометрия;По показанию;Гастроэнтеролог
Дискинезия пищевода;Эзофагоманометрия;По показанию;Гастроэнтеролог
Дискинезия пищевода;Проба с метоксипентиталом;По показанию;Гастроэнтеролог
Дистимия;Клиническое обследование;Обязательно;Психиатр
Дистимия;Анкетирование по депрессии;Обязательно;Психиатр
Дистимия;Психологическое консультирование;Обязательно;Психолог
Дистимия;Ретроспективное исследование эмоциональных состояний;По показанию;Психолог
Дистимия;Фармакологическое лечение;По показанию;Психиатр
Диффузный спазм пищевода;Клиническое обследование;Обязательно;Гастроэнтеролог
Диффузный спазм пищевода;Эзофагогастродуоденоскопия (ЭГДС);Обязательно;Гастроэнтеролог
Диффузный спазм пищевода;Эзофагоманометрия;По показанию;Гастроэнтеролог
Диффузный спазм пищевода;Рентген контрастное исследование пищевода;По показанию;Гастроэнтеролог
Диффузный спазм пищевода;Проба с нитроглицерином;По показанию;Гастроэнтеролог
Доброкачественное позиционное пароксизмальное головокружение;Клиническое обследование;Обязательно;Невролог
Доброкачественное позиционное пароксизмальное головокружение;Маневры Эпли и Семонт;Обязательно;Невролог
Доброкачественное позиционное пароксизмальное головокружение;Видеонистагмография;Обязательно;Невролог
Доброкачественное позиционное пароксизмальное головокружение;Компьютерная томография головного мозга;По показанию;Невролог
Доброкачественное позиционное пароксизмальное головокружение;Ретроспективное исследование эпизодов головокружения;По показанию;Невролог
Долихоколон;Клиническое обследование;Обязательно;Гастроэнтеролог
Долихоколон;Рентген контрастное исследование толстого кишечника;Обязательно;Гастроэнтеролог
Долихоколон;Колоноскопия;По показанию;Гастроэнтеролог
Долихоколон;Компьютерная томография брюшной полости;По показанию;Гастроэнтеролог
Долихоколон;Консультация гастроэнтеролога;Обязательно;Гастроэнтеролог
Долихосигма;Клиническое обследование;Обязательно;Гастроэнтеролог
Долихосигма;Рентген контрастное исследование толстого кишечника;Обязательно;Гастроэнтеролог
Долихосигма;Колоноскопия;По показанию;Гастроэнтеролог
Долихосигма;Компьютерная томография брюшной полости;По показанию;Гастроэнтеролог
Долихосигма;Консультация гастроэнтеролога;Обязательно;Гастроэнтеролог
Дранкорексия;Клиническое обследование;Обязательно;Психиатр
Дранкорексия;Анкетирование по пищевым нарушениям;Обязательно;Психолог
Дранкорексия;Психологическое консультирование;Обязательно;Психолог
Дранкорексия;Ретроспективное исследование пищевого поведения;По показанию;Психолог
Дранкорексия;Фармакологическое лечение;По показанию;Психиатр
Дромомания;Клиническое обследование;Обязательно;Психиатр
Дромомания;Психологическое консультирование;Обязательно;Психолог
Дромомания;Ретроспективное исследование поведения;По показанию;Психиатр
Дромомания;Фармакологическое лечение;По показанию;Психиатр
Дромомания;Семейная терапия;По показанию;Психолог
Затёк;Клиническое обследование;Обязательно;Ортопед
Затёк;Ультразвуковое исследование суставов;Обязательно;Ортопед
Затёк;Клиническое обследование;Обязательно;Ортопед
Затёк;Ультразвуковое исследование суставов;Обязательно;Ортопед
Затёк;Пункция сустава;По показанию;Ортопед
Затёк;Лабораторные анализы суставной жидкости;По показанию;Ортопед
Затёк;Рентгенография суставов;По показанию;Ортопед
Злокачественный нейролептический синдром;Клиническое обследование;Обязательно;Психиатр
Злокачественный нейролептический синдром;Компьютерная томография головного мозга;Обязательно;Психиатр
Злокачественный нейролептический синдром;Электроэнцефалография (ЭЭГ);По показанию;Психиатр
Злокачественный нейролептический синдром;Консультация невролога или психиатра;Обязательно;Психиатр
Игровое расстройство;Клиническое обследование;Обязательно;Психиатр
Игровое расстройство;Диагностическое интервью с родителями или опекунами;Обязательно;Психиатр
Игровое расстройство;Оценка психологического развития;Обязательно;Психиатр
Игровое расстройство;Консультация психолога или психиатра;Обязательно;Психиатр
Игровое расстройство;Поддерживающая терапия и реабилитация;По показанию;Психиатр
Идиопатическая неспецифическая интерстициальная пневмония;Клиническое обследование;Обязательно;Пульмонолог
Идиопатическая неспецифическая интерстициальная пневмония;Рентгенография грудной клетки;Обязательно;Пульмонолог
Идиопатическая неспецифическая интерстициальная пневмония;Высокоразрешающая компьютерная томография грудной клетки;Обязательно;Пульмонолог
Идиопатическая неспецифическая интерстициальная пневмония;Бронхоальвеолярная лаважная жидкость;По показанию;Пульмонолог
Инфекционный эндокардит;Клиническое обследование;Обязательно;Кардиолог
Инфекционный эндокардит;Бактериологическое исследование крови;Обязательно;Кардиолог
Инфекционный эндокардит;Эхокардиография (УЗИ сердца);Обязательно;Кардиолог
Инфекционный эндокардит;Консультация инфекциониста или кардиолога;Обязательно;Кардиолог
Истинная полицитемия;Клиническое обследование;Обязательно;Гематолог
Истинная полицитемия;Измерение уровня крови железа и ферритина;Обязательно;Гематолог
Истинная полицитемия;Мутационный анализ гена JAK2;Обязательно;Гематолог
Истинная полицитемия;Костномозговая биопсия;По показанию;Гематолог
Кавернозный туберкулёз;Клиническое обследование;Обязательно;Пульмонолог
Кавернозный туберкулёз;Рентгенография грудной клетки;Обязательно;Пульмонолог
Кавернозный туберкулёз;Бактериологическое исследование мокроты;Обязательно;Пульмонолог
Кавернозный туберкулёз;Компьютерная томография грудной клетки;Обязательно;Пульмонолог
Кавернозный туберкулёз;Манту-тест или кожная проба Туберкулина;По показанию;Пульмонолог
Кардиопротезный психопатологический синдром;Клиническое обследование;Обязательно;Кардиолог
Кардиопротезный психопатологический синдром;Психологическое тестирование;Обязательно;Кардиолог
Кардиопротезный психопатологический синдром;Консультация психиатра или психолога;Обязательно;Кардиолог
Кардиопротезный психопатологический синдром;Социальная поддержка и психотерапия;По показанию;Кардиолог
Кардиопротезный психопатологический синдром;Фармакотерапия;По показанию;Кардиолог
Карциноидный синдром;Клиническое обследование;Обязательно;Онколог
Карциноидный синдром;Уровень серотонина в крови;Обязательно;Онколог
Карциноидный синдром;Эхокардиография (УЗИ сердца);Обязательно;Онколог
Карциноидный синдром;Компьютерная томография или магнитно-резонансная томография;Обязательно;Онколог
Квашиоркор;Клиническое обследование;Обязательно;Аллерголог
Квашиоркор;Биопсия кожи;По показанию;Аллерголог
Квашиоркор;Аллерготесты;По показанию;Аллерголог
Квашиоркор;Ультразвуковое исследование органов брюшной полости;По показанию;Аллерголог
Кивательный синдром;Клиническое обследование;Обязательно;Невролог
Кивательный синдром;Нейрологическое обследование;Обязательно;Невролог
Кивательный синдром;Электроэнцефалография (ЭЭГ);По показанию;Невролог
Кивательный синдром;Консультация невролога или психиатра;Обязательно;Невролог
Киста яичника;Клиническое обследование;Обязательно;Гинеколог
Киста яичника;Ультразвуковое исследование органов малого таза;Обязательно;Гинеколог
Киста яичника;Компьютерная томография органов малого таза;По показанию;Гинеколог
Киста яичника;Пункция или аспирация кисты;По показанию;Гинеколог
Латексная аллергия;Клиническое обследование;Обязательно;Аллерголог
Латексная аллергия;Кожный тест на латекс;По показанию;Аллерголог
Латексная аллергия;Иммунологические тесты (определение уровня IgE);По показанию;Аллерголог
Латексная аллергия;Продукты латекса и его альтернативы;По показанию;Аллерголог
Лейкемия;Клиническое обследование;Обязательно;Гематолог
Лейкемия;Кровеносная морфология и лейкоформула;Обязательно;Гематолог
Лейкемия;Мутационный анализ генов;Обязательно;Гематолог
Лейкемия;Костномозговая биопсия;По показанию;Гематолог
Лихорадка неясного происхождения;Клиническое обследование;Обязательно;Инфекционист
Лихорадка неясного происхождения;Анализ крови на инфекции;Обязательно;Инфекционист
Контактный дерматит;Клиническое обследование;Обязательно;Дерматолог
Контактный дерматит;Патч-тесты;Обязательно;Дерматолог
Контактный дерматит;Иммунологические анализы крови;Обязательно;Дерматолог
Контактный дерматит;Биопсия кожи;По показанию;Дерматолог
Контактный дерматит;Консультация дерматолога или аллерголога;Обязательно;Дерматолог
Контрактура;Клиническое обследование;Обязательно;Ортопед
Контрактура;УЗИ суставов;Обязательно;Ортопед
Контрактура;Консультация ортопеда или ревматолога;Обязательно;Ортопед
Контрактура Дюпюитрена;Клиническое обследование;Обязательно;Хирург
Контрактура Дюпюитрена;Консультация хирурга или ревматолога;Обязательно;Хирург
Конъюнктивит;Клиническое обследование;Обязательно;Офтальмолог
Конъюнктивит;Общий анализ крови;Обязательно;Офтальмолог
Конъюнктивит;Микроскопия соскоба с конъюнктивы;Обязательно;Офтальмолог
Конъюнктивит;Бактериологическое исследование мазка;По показанию;Офтальмолог
Конъюнктивит;Вирусологическое исследование мазка;По показанию;Офтальмолог
Коровья оспа;Клиническое обследование;Обязательно;Инфекционист
Коровья оспа;Серологические тесты на антитела;По показанию;Инфекционист
Коровья оспа;Консультация инфекциониста или педиатра;Обязательно;Инфекционист
Краниосиностоз;Клиническое обследование;Обязательно;Нейрохирург
Крапивница;Клиническое обследование;Обязательно;Дерматолог
Крапивница;Аллерготесты;По показанию;Дерматолог
Крапивница;Проба на физическую нагрузку;По показанию;Дерматолог
Крапивница;Консультация дерматолога или аллерголога;Обязательно;Дерматолог
Красный плоский лишай;Клиническое обследование;Обязательно;Дерматолог
Красный плоский лишай;Биопсия кожи;Обязательно;Дерматолог
Красный плоский лишай;Дерматологическое обследование;Обязательно;Дерматолог
Красный плоский лишай;Иммунологические анализы крови;По показанию;Дерматолог
Красный плоский лишай;Консультация дерматолога или аллерголога;Обязательно;Дерматолог
Криптогенная организующаяся пневмония;Клиническое обследование;Обязательно;Пульмонолог
Криптогенная организующаяся пневмония;Рентгенография грудной клетки;Обязательно;Пульмонолог
Криптогенная организующаяся пневмония;Выделение бронхиального секрета для исследования;Обязательно;Пульмонолог
Криптогенная организующаяся пневмония;Биопсия легкого;По показанию;Пульмонолог
Круп;Клиническое обследование;Обязательно;Педиатр
Круп;Физикальное обследование дыхания;Обязательно;Педиатр
Круп;Рентгенография грудной клетки;Обязательно;Педиатр
Круп;Ингаляции с адреналином;По показанию;Педиатр
Крупнобляшечный парапсориаз;Клиническое обследование;Обязательно;Дерматолог
Крупнобляшечный парапсориаз;Дерматологическое обследование;Обязательно;Дерматолог
Крупнобляшечный парапсориаз;Биопсия кожи;По показанию;Дерматолог
Крупнобляшечный парапсориаз;Иммунологические анализы крови;По показанию;Дерматолог
Крупнобляшечный парапсориаз;Консультация дерматолога;Обязательно;Дерматолог
Ксантелазма;Клиническое обследование;Обязательно;Дерматолог
Ксантелазма;Дерматологическое обследование;Обязательно;Дерматолог
Ксантелазма;Липидограмма;По показанию;Эндокринолог
Ксантелазма;Биопсия кожи;По показанию;Дерматолог
Ксантелазма;Консультация дерматолога или эндокринолога;Обязательно;Эндокринолог
Кутереброз;Клиническое обследование;Обязательно;Дерматолог
Миома матки;Гормональные анализы крови;По показанию;Гинеколог
Миома матки;Консультация гинеколога;Обязательно;Гинеколог
Митохондриальный сахарный диабет;Клиническое обследование;Обязательно;Эндокринолог
Митохондриальный сахарный диабет;Глюкозотолерантный тест;Обязательно;Эндокринолог
Митохондриальный сахарный диабет;Генетическое тестирование;Обязательно;Генетик
Митохондриальный сахарный диабет;Консультация эндокринолога или генетика;Обязательно;Эндокринолог
Митохондриальный сахарный диабет;Лечение сахарного диабета;Обязательно;Эндокринолог
Мицетома;Клиническое обследование;Обязательно;Дерматолог
Мицетома;Микологическое исследование;Обязательно;Миколог
Мицетома;Биопсия пораженной ткани;По показанию;Хирург
Мицетома;Антимикотическая терапия;По показанию;Миколог
Мицетома;Консультация миколога или инфекциониста;Обязательно;Миколог
Множественная эндокринная неоплазия типа IIb;Клиническое обследование;Обязательно;Эндокринолог
Множественная эндокринная неоплазия типа IIb;Генетическое тестирование;Обязательно;Генетик
Множественная эндокринная неоплазия типа IIb;Гормональные анализы крови;По показанию;Эндокринолог
Множественная эндокринная неоплазия типа IIb;Биопсия пораженных органов;По показанию;Хирург
Множественная эндокринная неоплазия типа IIb;Консультация эндокринолога или генетика;Обязательно;Эндокринолог
Мозжечковая атаксия;Клиническое обследование;Обязательно;Невролог
Мозжечковая атаксия;Нейрологическое обследование;Обязательно;Невролог
Мозжечковая атаксия;МРТ головного мозга;Обязательно;Радиолог
Мозжечковая атаксия;Генетическое тестирование;Обязательно;Генетик
Мозжечковая атаксия;Консультация невролога или генетика;Обязательно;Невролог
Мониезиоз;Клиническое обследование;Обязательно;Инфекционист
Мониезиоз;Лабораторные анализы кала;Обязательно;Лаборант
Мониезиоз;Биопсия кишечника;По показанию;Хирург
Мониезиоз;Антипаразитарная терапия;Обязательно;Инфекционист
Мониезиоз;Консультация инфекциониста или гастроэнтеролога;Обязательно;Инфекционист
Назальный миаз;Клиническое обследование;Обязательно;ЛОР-врач
Назальный миаз;Визуальный осмотр носа и полости рта;Обязательно;ЛОР-врач
Назальный миаз;Лабораторные анализы кала;Обязательно;Лаборант
Назальный миаз;Микроскопия выделений из носа;Обязательно;Лаборант
Назальный миаз;Антигельминтная терапия;По показанию;Инфекционист 
Назальный миаз;Консультация ЛОР-врача или инфекциониста;Обязательно;ЛОР-врач
Натуральная оспа;Клиническое обследование;Обязательно;Врач общей практики
Натуральная оспа;Визуальный осмотр высыпаний;Обязательно;Врач общей практики
Натуральная оспа;Серологическое тестирование;Обязательно;Инфекционист
Натуральная оспа;Лечение симптомов и осложнений;По показанию;Врач общей практики
Натуральная оспа;Консультация инфекциониста или педиатра;Обязательно;Инфекционист
Невралгия тройничного нерва;Консультация невролога или нейрохирурга;Обязательно;Невролог
Неврит зрительного нерва;Клиническое обследование;Обязательно;Врач общей практики
Неврит зрительного нерва;Офтальмологическое обследование;Обязательно;Офтальмолог
Неврит зрительного нерва;Электрофизиологические исследования зрительного тракта;Обязательно;Специалист по электрофизиологии
Неврит зрительного нерва;МРТ головного мозга;По показанию;Радиолог
Недостаточность карбамоилфосфатсинтетазы I;Генетическое тестирование;Обязательно;Генетик
Недостаточность карбамоилфосфатсинтетазы I;Биохимический анализ крови и мочи;Обязательно;Врач общей практики
Недостаточность карбамоилфосфатсинтетазы I;Консультация генетика или метаболического врача;Обязательно;Генетик
Недостаточность карбамоилфосфатсинтетазы I;Лечение симптомов и осложнений;По показанию;Врач общей практики
Недостаточность карбамоилфосфатсинтетазы I;Контроль состояния и лабораторные анализы;По показанию;Врач общей практики
Недостаточность трёхстворчатого клапана;Клиническое обследование;Обязательно;Врач общей практики
Недостаточность трёхстворчатого клапана;Эхокардиография;Обязательно;Кардиолог
Недостаточность трёхстворчатого клапана;Функциональные исследования сердца;По показанию;Кардиолог
Недостаточность трёхстворчатого клапана;Консультация кардиолога или кардиохирурга;Обязательно;Кардиолог
Недостаточность трёхстворчатого клапана;Лечение симптомов и осложнений;По показанию;Врач общей практики
Незидиобластоз;Клиническое обследование;Обязательно;Врач общей практики
Незидиобластоз;Гематологическое обследование;Обязательно;Гематолог
Незидиобластоз;Генетическое тестирование;Обязательно;Генетик
Незидиобластоз;Консультация гематолога или генетика;Обязательно;Гематолог
Незидиобластоз;Лечение симптомов и осложнений;По показанию;Врач общей практики
Нейролептический паркинсонизм;Клиническое обследование;Обязательно;Врач общей практики
Нейролептический паркинсонизм;Неврологическое обследование;Обязательно;Невролог
Нейролептический паркинсонизм;Изменение схемы лекарственной терапии;По показанию;Врач общей практики
Нейролептический паркинсонизм;Консультация невролога или психиатра;Обязательно;Невролог
Нейролептический паркинсонизм;Симптоматическая терапия;Обязательно;Врач общей практики
Неонатальный сахарный диабет;Клиническое обследование;Обязательно;Врач общей практики
Неонатальный сахарный диабет;Гормональные исследования;Обязательно;Эндокринолог
Неонатальный сахарный диабет;Генетическое тестирование;Обязательно;Генетик
Неонатальный сахарный диабет;Консультация эндокринолога или генетика;Обязательно;Эндокринолог
Неонатальный сахарный диабет;Лечение симптомов и осложнений;По показанию;Врач общей практики
Несахарный диабет;Клиническое обследование;Обязательно;Эндокринолог
Несахарный диабет;Лабораторные анализы крови и мочи;Обязательно;Эндокринолог
Несахарный диабет;Гормональные исследования;По показанию;Эндокринолог
Несахарный диабет;Диетотерапия;Обязательно;Эндокринолог
Несахарный диабет;Консультация эндокринолога;Обязательно;Эндокринолог
Омфалит;Клиническое обследование;Обязательно;Педиатр
Омфалит;Лабораторные анализы крови и мочи;Обязательно;Педиатр
Омфалит;Культура микрофлоры из пупочной ранки;Обязательно;Педиатр
Омфалит;Антибактериальная терапия;Обязательно;Педиатр
Омфалит;Местные процедуры по уходу за пупочной ранкой;Обязательно;Педиатр
Оптиконевромиелит;Клиническое обследование;Обязательно;Невролог
Оптиконевромиелит;Неврологическое обследование;Обязательно;Невролог
Оптиконевромиелит;Магнитно-резонансная томография головы и позвоночника;Обязательно;Невролог
Оптиконевромиелит;Ликворологическое исследование;Обязательно;Невролог
Оптиконевромиелит;Иммуномодулирующая терапия;По показанию;Невролог
Опухоли головы и шеи;Клиническое обследование;Обязательно;Онколог
Опухоли головы и шеи;Биопсия опухоли;По показанию;Онколог
Опухоли головы и шеи;Консультация онколога или хирурга;Обязательно;Онколог
Опухоли слюнных желез;Клиническое обследование;Обязательно;Онколог
Опухоли слюнных желез;УЗИ слюнных желез;Обязательно;Онколог
Опухоли слюнных желез;МРТ или КТ головы и шеи;По показанию;Онколог
Опухоли слюнных желез;Биопсия опухоли;По показанию;Онколог
Орнитодороз;Клиническое обследование;Обязательно;Врач-инфекционист
Орнитодороз;Лабораторные исследования крови и мочи;Обязательно;Врач-инфекционист
Орнитодороз;Микроскопия грибных препаратов;Обязательно;Врач-инфекционист
Орнитодороз;Антипаразитарная терапия;Обязательно;Врач-инфекционист
Орнитодороз;Санитарное обслуживание помещений;Обязательно;Врач-инфекционист
Оссифицирующий миозит;Клиническое обследование;Обязательно;Ревматолог
Оссифицирующий миозит;Рентгенография исследуемой области;Обязательно;Ревматолог
Оссифицирующий миозит;Магнитно-резонансная томография (МРТ);По показанию;Врач-ревматолог
Оссифицирующий миозит;Биопсия пораженных тканей;По показанию;Врач-ревматолог
Оссифицирующий миозит;Противовоспалительная и иммуномодулирующая терапия;По показанию;Врач-ревматолог
Остеогенная саркома;Клиническое обследование;Обязательно;Врач-онколог
Остеогенная саркома;Рентгенография исследуемой области;Обязательно;Врач-онколог
Остеогенная саркома;Магнитно-резонансная томография (МРТ) или компьютерная томография (КТ);По показанию;Врач-онколог
Остеогенная саркома;Биопсия опухоли;По показанию;Врач-онколог
Острая жировая дистрофия печени у беременных;Клиническое обследование;Обязательно;Врач-гастроэнтеролог
Острая жировая дистрофия печени у беременных;Уровни печеночных ферментов и функциональных тестов печени;Обязательно;Врач-гастроэнтеролог
Острая жировая дистрофия печени у беременных;Ультразвуковое исследование печени;Обязательно;Врач-гастроэнтеролог
Острая жировая дистрофия печени у беременных;Консультация гастроэнтеролога или гепатолога;Обязательно;Врач-гастроэнтеролог
Острая интерстициальная пневмония;Клиническое обследование;Обязательно;Врач-пульмонолог
Острая интерстициальная пневмония;Рентгенография или компьютерная томография грудной клетки;Обязательно;Врач-пульмонолог
Острая интерстициальная пневмония;Бронхоскопия с биопсией легких;По показанию;Врач-пульмонолог
Острая интерстициальная пневмония;Иммуносупрессивная и иммуномодулирующая терапия;По показанию;Врач-пульмонолог
Острая лучевая болезнь;Клиническое обследование;Обязательно;Врач-онколог
Острый парапроктит;Клиническое обследование;Обязательно;Врач-хирург
Острый парапроктит;Ректальное обследование;Обязательно;Врач-хирург
Острый парапроктит;Иммобилизация промежности;Обязательно;Врач-хирург
Острый рассеянный энцефаломиелит;Клиническое обследование;Обязательно;Врач-невролог
Острый рассеянный энцефаломиелит;Нейрологический осмотр;Обязательно;Врач-невролог
Острый рассеянный энцефаломиелит;Магнитно-резонансная томография (МРТ) головного мозга;Обязательно;Врач-невролог
Острый рассеянный энцефаломиелит;Ликворологическое исследование (ликворный пункцион);Обязательно;Врач-невролог
Острый рассеянный энцефаломиелит;Иммуномодулирующая терапия;Обязательно;Врач-невролог
Панникулит;Клиническое обследование;Обязательно;Врач-дерматолог
Панникулит;Биопсия кожи;Обязательно;Врач-дерматолог
Панникулит;Иммуномодулирующая терапия;По показанию;Врач-дерматолог
Панникулит;Коррекция основного заболевания;По показанию;Врач-дерматолог
Панникулит Вебера — Крисчена;Клиническое обследование;Обязательно;Врач-генетик
Панникулит Вебера — Крисчена;Генетическое тестирование;Обязательно;Врач-генетик
Панникулит Вебера — Крисчена;Консультация генетического специалиста;Обязательно;Врач-генетик
Панникулит Вебера — Крисчена;Реабилитационная терапия;По показанию;Врач-реабилитолог
Папулез;Клиническое обследование;Обязательно;Врач-дерматолог
Папулез;Дерматологический осмотр;Обязательно;Врач-дерматолог
Папулез;Биопсия кожи;По показанию;Врач-дерматолог
Папулезный эласторексис;Клиническое обследование;Обязательно;Врач-дерматолог
Папулезный эласторексис;Дерматологический осмотр;Обязательно;Врач-дерматолог
Папулезный эласторексис;Гистологическое исследование;По показанию;Врач-дерматолог
Папулезный эласторексис;Генетическое тестирование;По показанию;Врач-генетик
Паратиф;Клиническое обследование;Обязательно;Врач-инфекционист
Паратиф;Бактериологическое исследование;Обязательно;Врач-инфекционист
Паратиф;Иммунологическое исследование;По показанию;Врач-инфекционист
Паратиф;Антибактериальная терапия;По показанию;Врач-инфекционист
Парафимоз;Клиническое обследование;Обязательно;Врач-уролог
Парафимоз;Фимозотомия;Обязательно;Врач-уролог
Парафимоз;Пластика уздечки;По показанию;Врач-уролог
Парафимоз;Пластика полового члена;По показанию;Врач-уролог
Парафимоз;Пластика устья мочеиспускательного канала;По показанию;Врач-уролог
Парез лицевого нерва;Клиническое обследование;Обязательно;Врач-невролог
Парез лицевого нерва;Неврологический осмотр;Обязательно;Врач-невролог
Парез лицевого нерва;Электромиография лица;По показанию;Врач-невролог
Парез лицевого нерва;Вирусологическое исследование;По показанию;Врач-невролог
Парез лицевого нерва;Реабилитационная терапия;По показанию;Врач-невролог
Парез лицевого нерва;Иммуностимулирующая терапия;По показанию;Врач-невролог
Парез лицевого нерва;Массаж и физиотерапия;По показанию;Врач-невролог
Парез лицевого нерва;Лечебная гимнастика;По показанию;Врач-невролог
Парез лицевого нерва;Прием витаминов;По показанию;Врач-невролог
Парез лицевого нерва;Ботулинотерапия;По показанию;Врач-невролог
Парез лицевого нерва;Релаксационные процедуры;По показанию;Врач-невролог
Парез лицевого нерва;Консультация отоларинголога;По показанию;Врач-невролог
Парез лицевого нерва;Консультация офтальмолога;По показанию;Врач-невролог
Парез лицевого нерва;Консультация стоматолога;По показанию;Врач-невролог
Парез лицевого нерва;Консультация психолога;По показанию;Врач-невролог
Парез лицевого нерва;Консультация реабилитолога;По показанию;Врач-невролог
Перфорация матки;Клиническое обследование;Обязательно;Гинеколог
Перфорация матки;Ультразвуковое исследование матки;Обязательно;Гинеколог
Перфорация матки;Лапароскопия;По показанию;Гинеколог
Перфорация матки;Хирургическое лечение;По показанию;Хирург
Перфорация матки;Реабилитационная терапия;По показанию;Врач реабилитолог
Печёночная кома;Клиническое обследование;Обязательно;Гастроэнтеролог
Печёночная кома;Биохимический анализ крови (определение уровня аммиака);Обязательно;Гастроэнтеролог
Печёночная кома;Ультразвуковое исследование печени;Обязательно;Рентгенолог
Печёночная кома;Лечение основного заболевания печени;По показанию;Гастроэнтеролог
Пироплазмоз крупного рогатого скота;Клиническое обследование;Обязательно;Ветеринар
Пироплазмоз крупного рогатого скота;Противопаразитарная терапия;По показанию;Ветеринар
Пироплазмоз крупного рогатого скота;Профилактика клещевых инфекций;По показанию;Ветеринар
Пироплазмоз крупного рогатого скота;Изоляция и санитарная обработка зараженных животных;По показанию;Ветеринар
Писчий спазм;Электромиография;По показанию;Невролог
Писчий спазм;Консультация невролога;Обязательно;Невролог
Писчий спазм;Ультразвуковое исследование мочевого пузыря;По показанию;Уролог
Писчий спазм;Кистография;По показанию;Рентгенолог
Писчий спазм;Анализ мочи на наличие инфекции;По показанию;Уролог
Плантарный фасциит;Клинический осмотр;Обязательно;Ортопед
Плантарный фасциит;Рентгенография стопы;По показанию;Рентгенолог
Плантарный фасциит;УЗИ стопы;По показанию;УЗИ-специалист
Плантарный фасциит;Магнитно-резонансная томография стопы;По показанию;Радиолог
Плантарный фасциит;Биопсия плантарной фасции;По показанию;Хирург
Пневмонит;Рентгенография грудной клетки;Обязательно;Терапевт
Пневмонит;Компьютерная томография грудной клетки;По показанию;Радиолог
Пневмонит;Анализ крови на наличие воспалительных маркеров;По показанию;Лаборант
Пневмонит;Бронхоскопия;По показанию;Пульмонолог
Пневмонит;Микробиологическое исследование мокроты;По показанию;Микробиолог
Повреждение мозга;Компьютерная томография головного мозга;Обязательно;Неврохирург
Повреждение мозга;Магнитно-резонансная томография головного мозга;По показанию;Неврохирург
Повреждение мозга;Электроэнцефалограмма;По показанию;Невролог
Повреждение мозга;Консультация нейрохирурга;Обязательно;Неврохирург
Повреждение мозга;Оценка когнитивных функций;По показанию;Невролог
Пойкилодермия Сиватта;Дерматологический осмотр;Обязательно;Дерматолог
Пойкилодермия Сиватта;Биопсия кожи;По показанию;Дерматолог
Пойкилодермия Сиватта;Иммуногистохимическое исследование;По показанию;Патологоанатом
Пойкилодермия Сиватта;Консультация генетика;По показанию;Генетик
Пойкилодермия Сиватта;Электрокардиограмма;По показанию;Кардиолог
Подагра;Клиническое обследование;Обязательно;Ревматолог
Подагра;Анализ крови на уровень мочевой кислоты;Обязательно;Лаборант
Подагра;Рентгенография суставов;По показанию;Рентгенолог
Подагра;Консультация ревматолога;Обязательно;Ревматолог
Подагра;Ультразвуковое исследование суставов;По показанию;УЗИ-специалист
Подагра;Пункция сустава;По показанию;Ревматолог
Посттравматический стрессовый синдром;Консультация психиатра;Обязательно;Психиатр
Посттравматический стрессовый синдром;Консультация психолога;По показанию;Психолог
Посттравматический стрессовый синдром;Оценка психологического состояния;По показанию;Психолог
Посттравматический стрессовый синдром;Медикаментозное лечение;По показанию;Психиатр
Посттравматический стрессовый синдром;Психотерапия;По показанию;Психолог
Простуда;Клинический осмотр;Обязательно;Терапевт
Простуда;Лабораторный анализ мазка из носа;По показанию;Лаборант
Простуда;Анализ крови на наличие вируса;По показанию;Лаборант
Простуда;Профилактика и симптоматическое лечение;По показанию;Терапевт
Простуда;Консультация оториноларинголога;По показанию;Оториноларинголог
Протрузия диска;Клиническое обследование;Обязательно;Невролог
Протрузия диска;Рентгенография позвоночника;По показанию;Рентгенолог
Протрузия диска;Магнитно-резонансная томография позвоночника;По показанию;Радиолог
Протрузия диска;Электронейромиография;По показанию;Невролог
Протрузия диска;Лечебная физкультура;По показанию;Врач-физкультурник
Психоз;Психиатрическое обследование;Обязательно;Психиатр
Психоз;Консультация невролога;По показанию;Невролог
Психоз;Анализ крови на наличие наркотиков;По показанию;Лаборант
Психоз;Психотерапия;По показанию;Психолог
Психоз;Медикаментозное лечение;По показанию;Психиатр
Рак лёгкого;Рентгенография грудной клетки;Обязательно;Онколог
Рак лёгкого;Компьютерная томография грудной клетки;По показанию;Радиолог
Рак лёгкого;Биопсия лёгкого;По показанию;Онколог
Рак лёгкого;Молекулярно-генетическое исследование;По показанию;Генетик
Рак лёгкого;Лечение основного заболевания лёгких;По показанию;Онколог
Рак желудка;Клиническое обследование;Обязательно;Гастроэнтеролог
Рак желудка;Эзофагогастродуоденоскопия;По показанию;Гастроэнтеролог
Рак желудка;Компьютерная томография живота;По показанию;Радиолог
Рак желудка;Биопсия слизистой оболочки желудка;По показанию;Гастроэнтеролог
Рак желудка;Хирургическое лечение;По показанию;Хирург
Ревматоидный артрит;Клиническое обследование;Обязательно;Ревматолог
Ревматоидный артрит;Анализ крови на наличие ревматоидного фактора;Обязательно;Лаборант
Ревматоидный артрит;Ультразвуковое исследование суставов;По показанию;УЗИ-специалист
Ревматоидный артрит;Рентгенография суставов;По показанию;Рентгенолог
Ревматоидный артрит;Консультация ревматолога;Обязательно;Ревматолог
Рефлюкс-эзофагит;Клиническое обследование;Обязательно;Гастроэнтеролог
Рефлюкс-эзофагит;Эзофагогастродуоденоскопия;По показанию;Гастроэнтеролог
Рефлюкс-эзофагит;Функциональная диагностика пищевода;По показанию;Гастроэнтеролог
Рефлюкс-эзофагит;Лечение основного заболевания пищевода;По показанию;Гастроэнтеролог
Рефлюкс-эзофагит;Консультация гастроэнтеролога;По показанию;Гастроэнтеролог
Сахарный диабет;Клиническое обследование;Обязательно;Эндокринолог
Сахарный диабет;Исследование уровня глюкозы в крови;Обязательно;Лаборант
Сахарный диабет;Гликированный гемоглобин;По показанию;Лаборант
Сахарный диабет;Консультация эндокринолога;Обязательно;Эндокринолог
Псевдамфистомоз;Консультация инфекциониста;Обязательно;Инфекционист
Псевдамфистомоз;Ультразвуковое исследование брюшной полости;По показанию;УЗИ-специалист
Псевдогипоальдостеронизм;Анализы электролитов крови;Обязательно;Лаборант
Псевдогипоальдостеронизм;Анализы альдостерона и ренина;Обязательно;Лаборант
Псевдогипоальдостеронизм;Тест на нагрузку солеми;По показанию;Врач-физиолог
Псевдогипоальдостеронизм;Консультация эндокринолога;Обязательно;Эндокринолог
Псевдогипоальдостеронизм;МРТ брюшной полости;По показанию;Радиолог
Псориатический артрит;Клинический осмотр;Обязательно;Ревматолог
Псориатический артрит;Анализы крови на наличие воспалительных маркеров;Обязательно;Лаборант
Псориатический артрит;Рентген суставов;Обязательно;Рентгенолог
Псориатический артрит;Консультация ревматолога;Обязательно;Ревматолог
Псориатический артрит;УЗИ суставов;По показанию;УЗИ-специалист
Пузырный занос;Клинический осмотр;Обязательно;Уролог
Пузырный занос;Анализ мочи на наличие крови и инфекции;Обязательно;Лаборант
Пузырный занос;Цистоскопия;По показанию;Уролог
Пузырный занос;Ультразвуковое исследование мочевого пузыря;По показанию;УЗИ-специалист
Пузырный занос;Консультация уролога;Обязательно;Уролог
Пузырчатка Гужеро — Хейли — Хейли;Клинический осмотр;Обязательно;Дерматолог
Пузырчатка Гужеро — Хейли — Хейли;Биопсия кожи;По показанию;Патологоанатом
Пузырчатка Гужеро — Хейли — Хейли;Иммуногистохимическое исследование;По показанию;Патологоанатом
Пузырчатка Гужеро — Хейли — Хейли;Консультация дерматолога;Обязательно;Дерматолог
Пузырчатка Гужеро — Хейли — Хейли;Генетическое тестирование;По показанию;Генетик
Пятнистая лихорадка Скалистых гор;Клинический осмотр;Обязательно;Врач-инфекционист
Пятнистая лихорадка Скалистых гор;Анализы крови на наличие вируса;По показанию;Лаборант
Пятнистая лихорадка Скалистых гор;Серологические тесты на антитела;По показанию;Лаборант
Пятнистая лихорадка Скалистых гор;Консультация врача-инфекциониста;Обязательно;Врач-инфекционист
Пятнистая лихорадка Скалистых гор;Консультация травматолога-ортопеда;Обязательно;Травматолог-ортопед
Рак желудка;Гастроскопия;По показанию;Гастроэнтеролог
Рак желудка;Биопсия ткани;По показанию;Онколог
Рак желудка;Компьютерная томография (КТ) желудка;По показанию;Радиолог
Рак желудка;Консультация онколога;Обязательно;Онколог
Рак молочной железы;Маммография;Обязательно;Маммолог
Рак молочной железы;УЗИ молочной железы;По показанию;УЗИ-специалист
Рак молочной железы;Биопсия молочной железы;По показанию;Патологоанатом
Рак молочной железы;Консультация онколога;Обязательно;Онколог
Рак легкого;Рентген грудной клетки;Обязательно;Рентгенолог
Рак легкого;Компьютерная томография (КТ) легких;По показанию;Радиолог
Рак легкого;Бронхоскопия;По показанию;Пульмонолог
Рак легкого;Консультация онколога;Обязательно;Онколог
Рак предстательной железы;Прямая пальцевая ректальная эксплорация;Обязательно;Уролог
Рак предстательной железы;ПСА (антиген специфический для предстательной железы);Обязательно;Уролог
Рак предстательной железы;Биопсия предстательной железы;По показанию;Уролог
Рак предстательной железы;Консультация уролога;Обязательно;Уролог
Ревматоидный артрит;Клинический осмотр;Обязательно;Ревматолог
Ревматоидный артрит;Анализы крови на наличие ревматоидного фактора;Обязательно;Лаборант
Ревматоидный артрит;Общий анализ крови;Обязательно;Лаборант
Ревматоидный артрит;Консультация ревматолога;Обязательно;Ревматолог
Сахарный диабет;Анализ крови на уровень глюкозы;Обязательно;Лаборант
Сахарный диабет;Гликозилированный гемоглобин (HbA1c);Обязательно;Лаборант
Сахарный диабет;Консультация эндокринолога;Обязательно;Эндокринолог
Сахарный диабет;Образцовый нагрузочный тест;По показанию;Эндокринолог
Туберкулез;Рентген грудной клетки;Обязательно;Рентгенолог
Туберкулез;Туберкулинодиагностика;По показанию;Фтизиатр
Туберкулез;Спутниковый анализ мокроты;По показанию;Лаборант
Туберкулез;Консультация фтизиатра;Обязательно;Фтизиатр
Эпилепсия;Электроэнцефалограмма (ЭЭГ);По показанию;Невролог
Эпилепсия;Компьютерная томография (КТ) головного мозга;По показанию;Радиолог
Эпилепсия;Консультация невролога;Обязательно;Невролог
Эритродермия;Клинический осмотр;Обязательно;Дерматолог
Эритродермия;Биопсия кожи;По показанию;Дерматолог
Эритродермия;Иммуногистохимическое исследование;По показанию;Патологоанатом
Эритродермия;Консультация дерматолога;Обязательно;Дерматолог
Язва желудка;Гастроскопия;По показанию;Гастроэнтеролог
Язва желудка;Тест на Helicobacter pylori;Обязательно;Лаборант
Язва желудка;Биопсия слизистой оболочки желудка;По показанию;Гастроэнтеролог
Язва желудка;Консультация гастроэнтеролога;Обязательно;Гастроэнтеролог
Язва двенадцатиперстной кишки;Гастроскопия;По показанию;Гастроэнтеролог
Язва двенадцатиперстной кишки;Тест на Helicobacter pylori;Обязательно;Лаборант
Язва двенадцатиперстной кишки;Биопсия слизистой оболочки двенадцатиперстной кишки;По показанию;Гастроэнтеролог
Язва двенадцатиперстной кишки;Консультация гастроэнтеролога;Обязательно;Гастроэнтеролог
Язвенный колит;Колоноскопия;По показанию;Гастроэнтеролог
Язвенный колит;Биопсия ткани толстой кишки;По показанию;Гастроэнтеролог
Язвенный колит;Консультация гастроэнтеролога;Обязательно;Гастроэнтеролог
Язвенный колит;Общий анализ кала;Обязательно;Лаборант
Язвенный колит;Консультация колопроктолога;Обязательно;Колопроктолог
Язвенный колит;Консультация иммунолога;По показанию;Иммунолог
Язвенный колит;Консультация хирурга;По показанию;Хирург
Язвенный колит;Консультация психотерапевта;По показанию;Психотерапевт
Грипп;Клинический осмотр;Обязательно;Врач общей практики
Грипп;Общий анализ крови;Обязательно;Лаборант
Грипп;Тест на наличие вируса гриппа;По показанию;Вирусолог
Грипп;Консультация врача-инфекциониста;Обязательно;Врач-инфекционист
ОРВИ;Клинический осмотр;Обязательно;Врач общей практики
ОРВИ;Общий анализ крови;Обязательно;Лаборант
ОРВИ;Тест на наличие вируса гриппа и других респираторных вирусов;По показанию;Вирусолог
ОРВИ;Консультация врача-инфекциониста;Обязательно;Врач-инфекционист
Пневмония;Клинический осмотр;Обязательно;Врач общей практики
Пневмония;Рентген грудной клетки;Обязательно;Рентгенолог
Пневмония;Компьютерная томография грудной клетки;По показанию;Рентгенолог
Пневмония;Бактериологическое исследование мокроты;По показанию;Бактериолог
Пневмония;Консультация врача-пульмонолога;Обязательно;Врач-пульмонолог
Онкологические заболевания;Клинический осмотр;Обязательно;Онколог
Онкологические заболевания;Биопсия опухоли;По показанию;Онколог
Онкологические заболевания;Компьютерная томография или магнитно-резонансная томография;По показанию;Рентгенолог
Онкологические заболевания;Пункционная биопсия лимфоузла;По показанию;Онколог
Онкологические заболевания;Консультация онколога;Обязательно;Онколог
Сердечно-сосудистые заболевания;Клинический осмотр;Обязательно;Кардиолог
Сердечно-сосудистые заболевания;Электрокардиограмма (ЭКГ);Обязательно;Кардиолог
Сердечно-сосудистые заболевания;Эхокардиография;По показанию;Кардиолог
Сердечно-сосудистые заболевания;Консультация кардиолога;Обязательно;Кардиолог
Сахарный диабет;Клинический осмотр;Обязательно;Врач общей практики
Сахарный диабет;Исследование уровня глюкозы в крови;Обязательно;Лаборант
Сахарный диабет;Гликированный гемоглобин;По показанию;Лаборант
Сахарный диабет;Консультация эндокринолога;Обязательно;Эндокринолог
Артериальная гипертензия;Клинический осмотр;Обязательно;Врач общей практики
Артериальная гипертензия;Измерение артериального давления;Обязательно;Медсестра
Артериальная гипертензия;Общий анализ крови;Обязательно;Лаборант
Артериальная гипертензия;Консультация кардиолога;Обязательно;Кардиолог